<metadata xml:lang="en"><Esri><CreaDate>20170721</CreaDate><CreaTime>09430500</CreaTime><ArcGISFormat>1.0</ArcGISFormat><ArcGISstyle>FGDC CSDGM Metadata</ArcGISstyle><SyncOnce>FALSE</SyncOnce><DataProperties><itemProps><itemName Sync="TRUE">EDC_PUBLIC_ART_MONUMNET_WGS84</itemName><imsContentType Sync="TRUE">002</imsContentType><nativeExtBox><westBL Sync="TRUE">-79.572185</westBL><eastBL Sync="TRUE">-79.213741</eastBL><southBL Sync="TRUE">43.590382</southBL><northBL Sync="TRUE">43.790903</northBL><exTypeCode Sync="TRUE">1</exTypeCode></nativeExtBox><itemSize Sync="TRUE">0.008</itemSize><itemLocation><linkage Sync="TRUE">file://\\J2XD0111841\C$\Open data\EDC Public Art and Monuments\EDC_PUBLIC_ART_MONUMNET_WGS84.shp</linkage><protocol Sync="TRUE">Local Area Network</protocol></itemLocation></itemProps><coordRef><type Sync="TRUE">Geographic</type><geogcsn Sync="TRUE">WGS 84</geogcsn><csUnits Sync="TRUE">Angular Unit: Degree (0.017453)</csUnits><peXml Sync="TRUE">&lt;GeographicCoordinateSystem xsi:type='typens:GeographicCoordinateSystem' xmlns:xsi='http://www.w3.org/2001/XMLSchema-instance' xmlns:xs='http://www.w3.org/2001/XMLSchema' xmlns:typens='http://www.esri.com/schemas/ArcGIS/10.3'&gt;&lt;WKT&gt;GEOGCS[&amp;quot;WGS 84&amp;quot;,DATUM[&amp;quot;World Geodetic System 1984 (EPSG ID 6326)&amp;quot;,SPHEROID[&amp;quot;WGS 84 (EPSG ID 7030)&amp;quot;,6378137.0,298.257223563]],PRIMEM[&amp;quot;Greenwich&amp;quot;,0.0],UNIT[&amp;quot;Decimal_Degree&amp;quot;,0.0174532925199433]]&lt;/WKT&gt;&lt;XOrigin&gt;-399.99999999999989&lt;/XOrigin&gt;&lt;YOrigin&gt;-399.99999999999989&lt;/YOrigin&gt;&lt;XYScale&gt;11258999068426.24&lt;/XYScale&gt;&lt;ZOrigin&gt;-100000&lt;/ZOrigin&gt;&lt;ZScale&gt;10000&lt;/ZScale&gt;&lt;MOrigin&gt;-100000&lt;/MOrigin&gt;&lt;MScale&gt;10000&lt;/MScale&gt;&lt;XYTolerance&gt;8.9831528411952133e-009&lt;/XYTolerance&gt;&lt;ZTolerance&gt;0.001&lt;/ZTolerance&gt;&lt;MTolerance&gt;0.001&lt;/MTolerance&gt;&lt;HighPrecision&gt;true&lt;/HighPrecision&gt;&lt;LeftLongitude&gt;-180&lt;/LeftLongitude&gt;&lt;/GeographicCoordinateSystem&gt;</peXml></coordRef></DataProperties><SyncDate>20170721</SyncDate><SyncTime>10363100</SyncTime><ModDate>20170721</ModDate><ModTime>10363100</ModTime><scaleRange><minScale>150000000</minScale><maxScale>5000</maxScale></scaleRange><ArcGISProfile>FGDC</ArcGISProfile></Esri><dataIdInfo><envirDesc Sync="TRUE">Microsoft Windows 7 Version 6.1 (Build 7601) Service Pack 1; Esri ArcGIS 10.3.0.4322</envirDesc><dataLang><languageCode value="eng" Sync="TRUE"/><countryCode value="CAN" Sync="TRUE"/></dataLang><idCitation xmlns=""><resTitle Sync="TRUE">EDC_PUBLIC_ART_MONUMNET_WGS84</resTitle><presForm xmlns=""><PresFormCd value="005" Sync="TRUE"/></presForm></idCitation><spatRpType><SpatRepTypCd value="001" Sync="TRUE"/></spatRpType><dataExt xmlns=""><geoEle xmlns=""><GeoBndBox esriExtentType="search"><exTypeCode Sync="TRUE">1</exTypeCode><westBL Sync="TRUE">-79.572185</westBL><eastBL Sync="TRUE">-79.213741</eastBL><northBL Sync="TRUE">43.790903</northBL><southBL Sync="TRUE">43.590382</southBL></GeoBndBox></geoEle></dataExt><idPurp>The dataset provides a complete map of the City of Toronto's Public Art &amp; Monuments Collection. The Collection includes 290 artworks and monuments installed throughout Toronto, both indoors and outdoors.</idPurp><idAbs>&lt;DIV STYLE="text-align:Left;"&gt;&lt;DIV&gt;&lt;DIV&gt;&lt;P STYLE="margin:0 0 0 19;"&gt;&lt;SPAN&gt;&lt;SPAN&gt;The dataset provides a complete map of the City of Toronto's Public Art &amp;amp; Monuments Collection. The Collection includes 290 artworks and monuments installed throughout Toronto, both indoors and outdoors. Artworks and monuments are situated in city parks, subway stations, on city streets, and on the grounds of municipal buildings. The collection adds both a historic and an artistic element to the urban landscape. The Open Data Catalogue will allow users to map out the collection with key information pertaining to each piece including the artist/ creator, media and year of creation.&lt;/SPAN&gt;&lt;/SPAN&gt;&lt;/P&gt;&lt;P STYLE="margin:0 0 0 19;"&gt;&lt;SPAN&gt;&lt;SPAN /&gt;&lt;/SPAN&gt;&lt;/P&gt;&lt;P STYLE="font-weight:bold;margin:0 0 0 19;"&gt;&lt;SPAN&gt;URL – Web site address for more information: &lt;/SPAN&gt;&lt;SPAN&gt;&lt;SPAN&gt;http://www1.toronto.ca/wps/portal/contentonly?vgnextoid=cfa7b82e5c1ff310VgnVCM10000071d60f89RCRD&lt;/SPAN&gt;&lt;/SPAN&gt;&lt;/P&gt;&lt;/DIV&gt;&lt;/DIV&gt;&lt;/DIV&gt;</idAbs><searchKeys><keyword>Public Art</keyword><keyword>Monument</keyword><keyword>War Memorial</keyword><keyword>Outdoor Art</keyword><keyword>Cenotaph</keyword></searchKeys><dataChar><CharSetCd value="004"></CharSetCd></dataChar><idStatus><ProgCd value="001"></ProgCd></idStatus><idPoC xmlns=""><rpIndName>Open Data Team</rpIndName><rpOrgName>City of Toronto</rpOrgName><role><RoleCd value="005"></RoleCd></role><rpCntInfo xmlns=""><cntAddress addressType=""><eMailAdd>opendata@toronto.ca</eMailAdd></cntAddress></rpCntInfo></idPoC><resMaint xmlns=""><maintFreq><MaintFreqCd value="008"></MaintFreqCd></maintFreq></resMaint></dataIdInfo><mdLang><languageCode value="eng" Sync="TRUE"/><countryCode value="CAN" Sync="TRUE"/></mdLang><mdChar><CharSetCd value="004" Sync="TRUE"/></mdChar><distInfo><distFormat><formatName Sync="TRUE">Shapefile</formatName></distFormat><distTranOps><transSize Sync="TRUE">0.008</transSize></distTranOps></distInfo><mdHrLv><ScopeCd value="005" Sync="TRUE"/></mdHrLv><mdHrLvName Sync="TRUE">dataset</mdHrLvName><refSysInfo><RefSystem><refSysID><identCode code="0" Sync="TRUE"/></refSysID></RefSystem></refSysInfo><spatRepInfo><VectSpatRep><geometObjs Name="EDC_PUBLIC_ART_MONUMNET_WGS84"><geoObjTyp><GeoObjTypCd value="004" Sync="TRUE"></GeoObjTypCd></geoObjTyp><geoObjCnt Sync="TRUE">289</geoObjCnt></geometObjs><topLvl><TopoLevCd value="001" Sync="TRUE"></TopoLevCd></topLvl></VectSpatRep></spatRepInfo><spdoinfo><ptvctinf><esriterm Name="EDC_PUBLIC_ART_MONUMNET_WGS84"><efeatyp Sync="TRUE">Simple</efeatyp><efeageom code="1" Sync="TRUE"></efeageom><esritopo Sync="TRUE">FALSE</esritopo><efeacnt Sync="TRUE">289</efeacnt><spindex Sync="TRUE">FALSE</spindex><linrefer Sync="TRUE">FALSE</linrefer></esriterm></ptvctinf></spdoinfo><eainfo><detailed Name="EDC_PUBLIC_ART_MONUMNET_WGS84" xmlns=""><enttyp><enttypl Sync="TRUE">EDC_PUBLIC_ART_MONUMNET_WGS84</enttypl><enttypt Sync="TRUE">Feature Class</enttypt><enttypc Sync="TRUE">289</enttypc></enttyp><attr xmlns=""><attrlabl Sync="TRUE">FID</attrlabl><attalias Sync="TRUE">FID</attalias><attrtype Sync="TRUE">OID</attrtype><attwidth Sync="TRUE">4</attwidth><atprecis Sync="TRUE">0</atprecis><attscale Sync="TRUE">0</attscale><attrdef Sync="TRUE">Internal feature number.</attrdef><attrdefs Sync="TRUE">Esri</attrdefs><attrdomv><udom Sync="TRUE">Sequential unique whole numbers that are automatically generated.</udom></attrdomv></attr><attr xmlns=""><attrlabl Sync="TRUE">Shape</attrlabl><attalias Sync="TRUE">Shape</attalias><attrtype Sync="TRUE">Geometry</attrtype><attwidth Sync="TRUE">0</attwidth><atprecis Sync="TRUE">0</atprecis><attscale Sync="TRUE">0</attscale><attrdef Sync="TRUE">Feature geometry.</attrdef><attrdefs Sync="TRUE">Esri</attrdefs><attrdomv><udom Sync="TRUE">Coordinates defining the features.</udom></attrdomv></attr><attr xmlns=""><attrlabl Sync="TRUE">X_COORDI2</attrlabl><attalias Sync="TRUE">X_COORDI2</attalias><attrtype Sync="TRUE">Double</attrtype><attwidth Sync="TRUE">11</attwidth><atprecis Sync="TRUE">10</atprecis><attscale Sync="TRUE">4</attscale></attr><attr xmlns=""><attrlabl Sync="TRUE">Y_COORDI3</attrlabl><attalias Sync="TRUE">Y_COORDI3</attalias><attrtype Sync="TRUE">Double</attrtype><attwidth Sync="TRUE">11</attwidth><atprecis Sync="TRUE">10</atprecis><attscale Sync="TRUE">4</attscale></attr><attr xmlns=""><attrlabl Sync="TRUE">PARK_NAME</attrlabl><attalias Sync="TRUE">PARK_NAME</attalias><attrtype Sync="TRUE">String</attrtype><attwidth Sync="TRUE">254</attwidth><atprecis Sync="TRUE">0</atprecis><attscale Sync="TRUE">0</attscale><attrdef>Official name of City owned parks</attrdef></attr><attr xmlns=""><attrlabl Sync="TRUE">RIVA_ID</attrlabl><attalias Sync="TRUE">RIVA_ID</attalias><attrtype Sync="TRUE">Double</attrtype><attwidth Sync="TRUE">11</attwidth><atprecis Sync="TRUE">11</atprecis><attscale Sync="TRUE">0</attscale><attrdef>Asset code for parks as assigned by PF&amp;R</attrdef></attr><attr xmlns=""><attrlabl Sync="TRUE">NEAR_ST</attrlabl><attalias Sync="TRUE">NEAR_ST</attalias><attrtype Sync="TRUE">String</attrtype><attwidth Sync="TRUE">254</attwidth><atprecis Sync="TRUE">0</atprecis><attscale Sync="TRUE">0</attscale><attrdef>The closest street to an artwork/ monument</attrdef></attr><attr xmlns=""><attrlabl Sync="TRUE">NEAR_CST</attrlabl><attalias Sync="TRUE">NEAR_CST</attalias><attrtype Sync="TRUE">String</attrtype><attwidth Sync="TRUE">254</attwidth><atprecis Sync="TRUE">0</atprecis><attscale Sync="TRUE">0</attscale><attrdef>The closest nearby cross street to an artwork/ monument</attrdef></attr><attr xmlns=""><attrlabl Sync="TRUE">ARTWORKNAM</attrlabl><attalias Sync="TRUE">ARTWORKNAM</attalias><attrtype Sync="TRUE">String</attrtype><attwidth Sync="TRUE">254</attwidth><atprecis Sync="TRUE">0</atprecis><attscale Sync="TRUE">0</attscale><attrdef>The title of the artwork as given by the artist(s) or companies who created it</attrdef></attr><attr xmlns=""><attrlabl Sync="TRUE">ARTIST</attrlabl><attalias Sync="TRUE">ARTIST</attalias><attrtype Sync="TRUE">String</attrtype><attwidth Sync="TRUE">254</attwidth><atprecis Sync="TRUE">0</atprecis><attscale Sync="TRUE">0</attscale><attrdef>The name of the artist(s) or companies who created the work</attrdef></attr><attr xmlns=""><attrlabl Sync="TRUE">MEDIA</attrlabl><attalias Sync="TRUE">MEDIA</attalias><attrtype Sync="TRUE">String</attrtype><attwidth Sync="TRUE">254</attwidth><atprecis Sync="TRUE">0</atprecis><attscale Sync="TRUE">0</attscale><attrdef>The material used for the major components of the artwork/ monument</attrdef></attr><attr xmlns=""><attrlabl Sync="TRUE">CREATEYEAR</attrlabl><attalias Sync="TRUE">CREATEYEAR</attalias><attrtype Sync="TRUE">String</attrtype><attwidth Sync="TRUE">100</attwidth><atprecis Sync="TRUE">0</atprecis><attscale Sync="TRUE">0</attscale><attrdef>The date the work was completed and installed on site</attrdef></attr><attr xmlns=""><attrlabl Sync="TRUE">ARTWORKLOC</attrlabl><attalias Sync="TRUE">ARTWORKLOC</attalias><attrtype Sync="TRUE">String</attrtype><attwidth Sync="TRUE">20</attwidth><atprecis Sync="TRUE">0</atprecis><attscale Sync="TRUE">0</attscale><attrdef>Indicates whether the artwork/ monument is located indoors or outdoors</attrdef></attr><attr xmlns=""><attrlabl Sync="TRUE">LONGITUDE</attrlabl><attalias Sync="TRUE">LONGITUDE</attalias><attrtype Sync="TRUE">Double</attrtype><attwidth Sync="TRUE">14</attwidth><atprecis Sync="TRUE">13</atprecis><attscale Sync="TRUE">11</attscale><attrdef>Longitude in WGS84 Coordinate System</attrdef></attr><attr xmlns=""><attrlabl Sync="TRUE">LATITUDE</attrlabl><attalias Sync="TRUE">LATITUDE</attalias><attrtype Sync="TRUE">Double</attrtype><attwidth Sync="TRUE">14</attwidth><atprecis Sync="TRUE">13</atprecis><attscale Sync="TRUE">11</attscale><attrdef>Latitude in WGS84 Coordinate System</attrdef></attr><attr xmlns=""><attrlabl Sync="TRUE">OBJECTID</attrlabl><attalias Sync="TRUE">OBJECTID</attalias><attrtype Sync="TRUE">Integer</attrtype><attwidth Sync="TRUE">10</attwidth><atprecis Sync="TRUE">10</atprecis><attscale Sync="TRUE">0</attscale><attrdef>Unique system identifier</attrdef></attr><attr xmlns=""><attrlabl Sync="TRUE">ADD_FULL</attrlabl><attalias Sync="TRUE">ADD_FULL</attalias><attrtype Sync="TRUE">String</attrtype><attwidth Sync="TRUE">131</attwidth><atprecis Sync="TRUE">0</atprecis><attscale Sync="TRUE">0</attscale><attrdef>The closest physical address to an artwork/ monument. </attrdef></attr><attr xmlns=""><attrlabl Sync="TRUE">POSTAL_CD</attrlabl><attalias Sync="TRUE">POSTAL_CD</attalias><attrtype Sync="TRUE">String</attrtype><attwidth Sync="TRUE">7</attwidth><atprecis Sync="TRUE">0</atprecis><attscale Sync="TRUE">0</attscale><attrdef>Postal code of the closest physical address to a sculpture/ monument. </attrdef></attr><attr xmlns=""><attrlabl Sync="TRUE">WARD_NUM</attrlabl><attalias Sync="TRUE">WARD_NUM</attalias><attrtype Sync="TRUE">String</attrtype><attwidth Sync="TRUE">2</attwidth><atprecis Sync="TRUE">0</atprecis><attscale Sync="TRUE">0</attscale><attrdef>Ward number</attrdef></attr><attr xmlns=""><attrlabl Sync="TRUE">WARD_NAME</attrlabl><attalias Sync="TRUE">WARD_NAME</attalias><attrtype Sync="TRUE">String</attrtype><attwidth Sync="TRUE">40</attwidth><atprecis Sync="TRUE">0</atprecis><attscale Sync="TRUE">0</attscale><attrdef>Ward Name</attrdef></attr></detailed></eainfo><mdDateSt Sync="TRUE">20170721</mdDateSt><mdMaint xmlns=""><maintFreq><MaintFreqCd value="008"></MaintFreqCd></maintFreq></mdMaint></metadata>
