<?xml version="1.0" encoding="UTF-8"?>
<metadata xml:lang="en"><Esri><CreaDate>20150130</CreaDate><CreaTime>13535800</CreaTime><SyncOnce>FALSE</SyncOnce><SyncDate>20150130</SyncDate><SyncTime>13434800</SyncTime><ModDate>20150130</ModDate><ModTime>13434800</ModTime><DataProperties><lineage><Process Name="Add Join" ToolSource="C:\Program Files\ArcGIS\Desktop9.4\ArcToolbox\Toolboxes\Data Management Tools.tbx\AddJoin" Date="20100315" Time="145853" export="">AddJoin CENTRELINE_Layer FCODE CODE_GROUP_View CG_CODE KEEP_ALL</Process><Process ToolSource="c:\program files\arcgis\desktop10.0\ArcToolbox\Toolboxes\Data Management Tools.tbx\DefineProjection" Date="20120327" Time="175735" Name="" export="">DefineProjection Trails-2011-Existing2 PROJCS['MTM_3Degree',GEOGCS['GCS_North_American_1927',DATUM['D_North_American_1927',SPHEROID['Clarke_1866',6378206.4,294.9786982]],PRIMEM['Greenwich',0.0],UNIT['Degree',0.0174532925199433]],PROJECTION['Transverse_Mercator'],PARAMETER['False_Easting',304800.0],PARAMETER['False_Northing',0.0],PARAMETER['Central_Meridian',-79.5],PARAMETER['Scale_Factor',0.9999],PARAMETER['Latitude_Of_Origin',0.0],UNIT['Meter',1.0]]</Process><Process ToolSource="c:\program files\arcgis\desktop10.0\ArcToolbox\Toolboxes\Data Management Tools.tbx\Merge" Date="20120608" Time="113032" Name="" export="">Merge Trails-2011-Existing2;Trails-2011-Existing1 "C:\Documents and Settings\ssarper\Desktop\Trails GIS Data\Data\Shapefiles\TCL3_trails_all.shp" "GEO_ID "GEO_ID" true true false 9 Long 0 9 ,First,#,Trails-2011-Existing2,GEO_ID,-1,-1,Trails-2011-Existing1,GEO_ID,-1,-1;ADDRESS_L "ADDRESS_L" true true false 15 Text 0 0 ,First,#,Trails-2011-Existing2,ADDRESS_L,-1,-1,Trails-2011-Existing1,ADDRESS_L,-1,-1;ADDRESS_R "ADDRESS_R" true true false 15 Text 0 0 ,First,#,Trails-2011-Existing2,ADDRESS_R,-1,-1,Trails-2011-Existing1,ADDRESS_R,-1,-1;LF_NAME "LF_NAME" true true false 50 Text 0 0 ,First,#,Trails-2011-Existing2,LF_NAME,-1,-1,Trails-2011-Existing1,LF_NAME,-1,-1;OE_FLAG_L "OE_FLAG_L" true true false 8 Text 0 0 ,First,#,Trails-2011-Existing2,OE_FLAG_L,-1,-1,Trails-2011-Existing1,OE_FLAG_L,-1,-1;OE_FLAG_R "OE_FLAG_R" true true false 8 Text 0 0 ,First,#,Trails-2011-Existing2,OE_FLAG_R,-1,-1,Trails-2011-Existing1,OE_FLAG_R,-1,-1;FCODE_DESC "FCODE_DESC" true true false 40 Text 0 0 ,First,#,Trails-2011-Existing2,FCODE_DESC,-1,-1,Trails-2011-Existing1,FCODE_DESC,-1,-1;FCODE "FCODE" true true false 6 Long 0 6 ,First,#,Trails-2011-Existing2,FCODE,-1,-1,Trails-2011-Existing1,FCODE,-1,-1;FNODE "FNODE" true true false 9 Long 0 9 ,First,#,Trails-2011-Existing2,FNODE,-1,-1,Trails-2011-Existing1,FNODE,-1,-1;TNODE "TNODE" true true false 9 Long 0 9 ,First,#,Trails-2011-Existing2,TNODE,-1,-1,Trails-2011-Existing1,TNODE,-1,-1;METRD_NUM "METRD_NUM" true true false 6 Long 0 6 ,First,#,Trails-2011-Existing2,METRD_NUM,-1,-1,Trails-2011-Existing1,METRD_NUM,-1,-1;LO_NUM_L "LO_NUM_L" true true false 5 Long 0 5 ,First,#,Trails-2011-Existing2,LO_NUM_L,-1,-1,Trails-2011-Existing1,LO_NUM_L,-1,-1;LO_N_SUF_L "LO_N_SUF_L" true true false 2 Text 0 0 ,First,#,Trails-2011-Existing2,LO_N_SUF_L,-1,-1,Trails-2011-Existing1,LO_N_SUF_L,-1,-1;HI_NUM_L "HI_NUM_L" true true false 5 Long 0 5 ,First,#,Trails-2011-Existing2,HI_NUM_L,-1,-1,Trails-2011-Existing1,HI_NUM_L,-1,-1;HI_N_SUF_L "HI_N_SUF_L" true true false 2 Text 0 0 ,First,#,Trails-2011-Existing2,HI_N_SUF_L,-1,-1,Trails-2011-Existing1,HI_N_SUF_L,-1,-1;LO_NUM_R "LO_NUM_R" true true false 5 Long 0 5 ,First,#,Trails-2011-Existing2,LO_NUM_R,-1,-1,Trails-2011-Existing1,LO_NUM_R,-1,-1;LO_N_SUF_R "LO_N_SUF_R" true true false 2 Text 0 0 ,First,#,Trails-2011-Existing2,LO_N_SUF_R,-1,-1,Trails-2011-Existing1,LO_N_SUF_R,-1,-1;HI_NUM_R "HI_NUM_R" true true false 5 Long 0 5 ,First,#,Trails-2011-Existing2,HI_NUM_R,-1,-1,Trails-2011-Existing1,HI_NUM_R,-1,-1;HI_N_SUF_R "HI_N_SUF_R" true true false 2 Text 0 0 ,First,#,Trails-2011-Existing2,HI_N_SUF_R,-1,-1,Trails-2011-Existing1,HI_N_SUF_R,-1,-1;LFN_ID "LFN_ID" true true false 9 Long 0 9 ,First,#,Trails-2011-Existing2,LFN_ID,-1,-1,Trails-2011-Existing1,LFN_ID,-1,-1;JURIS_CODE "JURIS_CODE" true true false 8 Text 0 0 ,First,#,Trails-2011-Existing2,JURIS_CODE,-1,-1,Trails-2011-Existing1,JURIS_CODE,-1,-1;len "len" true true false 19 Double 0 0 ,First,#,Trails-2011-Existing2,len,-1,-1,Trails-2011-Existing1,len,-1,-1;length "length" true true false 19 Double 0 0 ,First,#,Trails-2011-Existing2,length,-1,-1,Trails-2011-Existing1,length,-1,-1"</Process><Process ToolSource="c:\program files\arcgis\desktop10.0\ArcToolbox\Toolboxes\Data Management Tools.tbx\Merge" Date="20120608" Time="113253" Name="" export="">Merge add_to_bikeway_trails;Major_Bikeway_Trails "C:\Documents and Settings\ssarper\Desktop\Trails GIS Data\Data\Major_Bikeway_Trails_2012_Trails_Plan_Update.shp" "GEO_ID "GEO_ID" true true false 9 Long 0 9 ,First,#,add_to_bikeway_trails,GEO_ID,-1,-1,Major_Bikeway_Trails,GEO_ID,-1,-1;ADDRESS_L "ADDRESS_L" true true false 15 Text 0 0 ,First,#,add_to_bikeway_trails,ADDRESS_L,-1,-1,Major_Bikeway_Trails,ADDRESS_L,-1,-1;ADDRESS_R "ADDRESS_R" true true false 15 Text 0 0 ,First,#,add_to_bikeway_trails,ADDRESS_R,-1,-1,Major_Bikeway_Trails,ADDRESS_R,-1,-1;LF_NAME "LF_NAME" true true false 50 Text 0 0 ,First,#,add_to_bikeway_trails,LF_NAME,-1,-1,Major_Bikeway_Trails,LF_NAME,-1,-1;OE_FLAG_L "OE_FLAG_L" true true false 8 Text 0 0 ,First,#,add_to_bikeway_trails,OE_FLAG_L,-1,-1,Major_Bikeway_Trails,OE_FLAG_L,-1,-1;OE_FLAG_R "OE_FLAG_R" true true false 8 Text 0 0 ,First,#,add_to_bikeway_trails,OE_FLAG_R,-1,-1,Major_Bikeway_Trails,OE_FLAG_R,-1,-1;FCODE_DESC "FCODE_DESC" true true false 40 Text 0 0 ,First,#,add_to_bikeway_trails,FCODE_DESC,-1,-1,Major_Bikeway_Trails,FCODE_DESC,-1,-1;FCODE "FCODE" true true false 6 Long 0 6 ,First,#,add_to_bikeway_trails,FCODE,-1,-1,Major_Bikeway_Trails,FCODE,-1,-1;FNODE "FNODE" true true false 9 Long 0 9 ,First,#,add_to_bikeway_trails,FNODE,-1,-1,Major_Bikeway_Trails,FNODE,-1,-1;TNODE "TNODE" true true false 9 Long 0 9 ,First,#,add_to_bikeway_trails,TNODE,-1,-1,Major_Bikeway_Trails,TNODE,-1,-1;METRD_NUM "METRD_NUM" true true false 6 Long 0 6 ,First,#,add_to_bikeway_trails,METRD_NUM,-1,-1,Major_Bikeway_Trails,METRD_NUM,-1,-1;LO_NUM_L "LO_NUM_L" true true false 5 Long 0 5 ,First,#,add_to_bikeway_trails,LO_NUM_L,-1,-1,Major_Bikeway_Trails,LO_NUM_L,-1,-1;LO_N_SUF_L "LO_N_SUF_L" true true false 2 Text 0 0 ,First,#,add_to_bikeway_trails,LO_N_SUF_L,-1,-1,Major_Bikeway_Trails,LO_N_SUF_L,-1,-1;HI_NUM_L "HI_NUM_L" true true false 5 Long 0 5 ,First,#,add_to_bikeway_trails,HI_NUM_L,-1,-1,Major_Bikeway_Trails,HI_NUM_L,-1,-1;HI_N_SUF_L "HI_N_SUF_L" true true false 2 Text 0 0 ,First,#,add_to_bikeway_trails,HI_N_SUF_L,-1,-1,Major_Bikeway_Trails,HI_N_SUF_L,-1,-1;LO_NUM_R "LO_NUM_R" true true false 5 Long 0 5 ,First,#,add_to_bikeway_trails,LO_NUM_R,-1,-1,Major_Bikeway_Trails,LO_NUM_R,-1,-1;LO_N_SUF_R "LO_N_SUF_R" true true false 2 Text 0 0 ,First,#,add_to_bikeway_trails,LO_N_SUF_R,-1,-1,Major_Bikeway_Trails,LO_N_SUF_R,-1,-1;HI_NUM_R "HI_NUM_R" true true false 5 Long 0 5 ,First,#,add_to_bikeway_trails,HI_NUM_R,-1,-1,Major_Bikeway_Trails,HI_NUM_R,-1,-1;HI_N_SUF_R "HI_N_SUF_R" true true false 2 Text 0 0 ,First,#,add_to_bikeway_trails,HI_N_SUF_R,-1,-1,Major_Bikeway_Trails,HI_N_SUF_R,-1,-1;LFN_ID "LFN_ID" true true false 9 Long 0 9 ,First,#,add_to_bikeway_trails,LFN_ID,-1,-1,Major_Bikeway_Trails,LFN_ID,-1,-1;JURIS_CODE "JURIS_CODE" true true false 8 Text 0 0 ,First,#,add_to_bikeway_trails,JURIS_CODE,-1,-1,Major_Bikeway_Trails,JURIS_CODE,-1,-1;len "len" true true false 19 Double 0 0 ,First,#,add_to_bikeway_trails,len,-1,-1,Major_Bikeway_Trails,len,-1,-1;length "length" true true false 19 Double 0 0 ,First,#,add_to_bikeway_trails,length,-1,-1,Major_Bikeway_Trails,length,-1,-1"</Process><Process ToolSource="c:\program files\arcgis\desktop10.0\ArcToolbox\Toolboxes\Data Management Tools.tbx\Merge" Date="20120612" Time="151939" Name="" export="">Merge Major_Bikeway_Trails_2012_Trails_Plan_Update;Bikeway_Trail_Align_30k "C:\Documents and Settings\ssarper\Desktop\Trails GIS Data\Final Map data\Shapefiles\Bikeway_trails_2012_existing_and_proposed.shp" "GEO_ID "GEO_ID" true true false 9 Long 0 9 ,First,#,Major_Bikeway_Trails_2012_Trails_Plan_Update,GEO_ID,-1,-1;ADDRESS_L "ADDRESS_L" true true false 15 Text 0 0 ,First,#,Major_Bikeway_Trails_2012_Trails_Plan_Update,ADDRESS_L,-1,-1;ADDRESS_R "ADDRESS_R" true true false 15 Text 0 0 ,First,#,Major_Bikeway_Trails_2012_Trails_Plan_Update,ADDRESS_R,-1,-1;LF_NAME "LF_NAME" true true false 50 Text 0 0 ,First,#,Major_Bikeway_Trails_2012_Trails_Plan_Update,LF_NAME,-1,-1,Bikeway_Trail_Align_30k,LF_NAME,-1,-1;OE_FLAG_L "OE_FLAG_L" true true false 8 Text 0 0 ,First,#,Major_Bikeway_Trails_2012_Trails_Plan_Update,OE_FLAG_L,-1,-1;OE_FLAG_R "OE_FLAG_R" true true false 8 Text 0 0 ,First,#,Major_Bikeway_Trails_2012_Trails_Plan_Update,OE_FLAG_R,-1,-1;FCODE_DESC "FCODE_DESC" true true false 40 Text 0 0 ,First,#,Major_Bikeway_Trails_2012_Trails_Plan_Update,FCODE_DESC,-1,-1;FCODE "FCODE" true true false 6 Long 0 6 ,First,#,Major_Bikeway_Trails_2012_Trails_Plan_Update,FCODE,-1,-1;FNODE "FNODE" true true false 9 Long 0 9 ,First,#,Major_Bikeway_Trails_2012_Trails_Plan_Update,FNODE,-1,-1;TNODE "TNODE" true true false 9 Long 0 9 ,First,#,Major_Bikeway_Trails_2012_Trails_Plan_Update,TNODE,-1,-1;METRD_NUM "METRD_NUM" true true false 6 Long 0 6 ,First,#,Major_Bikeway_Trails_2012_Trails_Plan_Update,METRD_NUM,-1,-1;LO_NUM_L "LO_NUM_L" true true false 5 Long 0 5 ,First,#,Major_Bikeway_Trails_2012_Trails_Plan_Update,LO_NUM_L,-1,-1;LO_N_SUF_L "LO_N_SUF_L" true true false 2 Text 0 0 ,First,#,Major_Bikeway_Trails_2012_Trails_Plan_Update,LO_N_SUF_L,-1,-1;HI_NUM_L "HI_NUM_L" true true false 5 Long 0 5 ,First,#,Major_Bikeway_Trails_2012_Trails_Plan_Update,HI_NUM_L,-1,-1;HI_N_SUF_L "HI_N_SUF_L" true true false 2 Text 0 0 ,First,#,Major_Bikeway_Trails_2012_Trails_Plan_Update,HI_N_SUF_L,-1,-1;LO_NUM_R "LO_NUM_R" true true false 5 Long 0 5 ,First,#,Major_Bikeway_Trails_2012_Trails_Plan_Update,LO_NUM_R,-1,-1;LO_N_SUF_R "LO_N_SUF_R" true true false 2 Text 0 0 ,First,#,Major_Bikeway_Trails_2012_Trails_Plan_Update,LO_N_SUF_R,-1,-1;HI_NUM_R "HI_NUM_R" true true false 5 Long 0 5 ,First,#,Major_Bikeway_Trails_2012_Trails_Plan_Update,HI_NUM_R,-1,-1;HI_N_SUF_R "HI_N_SUF_R" true true false 2 Text 0 0 ,First,#,Major_Bikeway_Trails_2012_Trails_Plan_Update,HI_N_SUF_R,-1,-1;LFN_ID "LFN_ID" true true false 9 Long 0 9 ,First,#,Major_Bikeway_Trails_2012_Trails_Plan_Update,LFN_ID,-1,-1;JURIS_CODE "JURIS_CODE" true true false 8 Text 0 0 ,First,#,Major_Bikeway_Trails_2012_Trails_Plan_Update,JURIS_CODE,-1,-1,Bikeway_Trail_Align_30k,JURIS_CODE,-1,-1;len "len" true true false 19 Double 0 0 ,First,#,Major_Bikeway_Trails_2012_Trails_Plan_Update,len,-1,-1;length "length" true true false 19 Double 0 0 ,First,#,Major_Bikeway_Trails_2012_Trails_Plan_Update,length,-1,-1,Bikeway_Trail_Align_30k,LENGTH,-1,-1;STR_NAME "STR_NAME" true true false 50 Text 0 0 ,First,#,Bikeway_Trail_Align_30k,STR_NAME,-1,-1;ROOT_ID "ROOT_ID" true true false 10 Text 0 0 ,First,#,Bikeway_Trail_Align_30k,ROOT_ID,-1,-1;SEGMENT "SEGMENT" true true false 6 Text 0 0 ,First,#,Bikeway_Trail_Align_30k,SEGMENT,-1,-1;SEG_TYPE "SEG_TYPE" true true false 16 Text 0 0 ,First,#,Bikeway_Trail_Align_30k,SEG_TYPE,-1,-1;STATUS "STATUS" true true false 16 Text 0 0 ,First,#,Bikeway_Trail_Align_30k,STATUS,-1,-1;STATUS_SEG "STATUS_SEG" true true false 30 Text 0 0 ,First,#,Bikeway_Trail_Align_30k,STATUS_SEG,-1,-1;INSTALLATI "INSTALLATI" true true false 6 Long 0 6 ,First,#,Bikeway_Trail_Align_30k,INSTALLATI,-1,-1;RouteNum "RouteNum" true true false 4 Short 0 4 ,First,#,Bikeway_Trail_Align_30k,RouteNum,-1,-1;District "District" true true false 5 Text 0 0 ,First,#,Bikeway_Trail_Align_30k,District,-1,-1;Ward "Ward" true true false 4 Short 0 4 ,First,#,Bikeway_Trail_Align_30k,Ward,-1,-1;BNIS "BNIS" true true false 4 Short 0 4 ,First,#,Bikeway_Trail_Align_30k,BNIS,-1,-1"</Process><Process ToolSource="c:\program files\arcgis\desktop10.0\ArcToolbox\Toolboxes\Data Management Tools.tbx\Merge" Date="20120730" Time="140305" Name="" export="">Merge trails_add;Bikeway_trails_2012_existing_and_proposed "G:\tra\TIMs\CI&amp;P\Trails\Shared PF&amp;R\GIS Data\Shapefiles\Bikeway_trails_network_2012\Bikeway_trails_network_2012.shp" "GEO_ID "GEO_ID" true true false 9 Long 0 9 ,First,#,trails_add,GEO_ID,-1,-1,Bikeway_trails_2012_existing_and_proposed,GEO_ID,-1,-1;LF_NAME "LF_NAME" true true false 50 Text 0 0 ,First,#,trails_add,LF_NAME,-1,-1,Bikeway_trails_2012_existing_and_proposed,LF_NAME,-1,-1;OE_FLAG_L "OE_FLAG_L" true true false 8 Text 0 0 ,First,#,trails_add,OE_FLAG_L,-1,-1,Bikeway_trails_2012_existing_and_proposed,OE_FLAG_L,-1,-1;OE_FLAG_R "OE_FLAG_R" true true false 8 Text 0 0 ,First,#,trails_add,OE_FLAG_R,-1,-1,Bikeway_trails_2012_existing_and_proposed,OE_FLAG_R,-1,-1;FCODE_DESC "FCODE_DESC" true true false 40 Text 0 0 ,First,#,trails_add,FCODE_DESC,-1,-1,Bikeway_trails_2012_existing_and_proposed,FCODE_DESC,-1,-1;FCODE "FCODE" true true false 6 Long 0 6 ,First,#,trails_add,FCODE,-1,-1,Bikeway_trails_2012_existing_and_proposed,FCODE,-1,-1;FNODE "FNODE" true true false 9 Long 0 9 ,First,#,trails_add,FNODE,-1,-1,Bikeway_trails_2012_existing_and_proposed,FNODE,-1,-1;TNODE "TNODE" true true false 9 Long 0 9 ,First,#,trails_add,TNODE,-1,-1,Bikeway_trails_2012_existing_and_proposed,TNODE,-1,-1;JURIS_CODE "JURIS_CODE" true true false 8 Text 0 0 ,First,#,trails_add,JURIS_CODE,-1,-1,Bikeway_trails_2012_existing_and_proposed,JURIS_CODE,-1,-1;length "length" true true false 19 Double 0 0 ,First,#,trails_add,length,-1,-1,Bikeway_trails_2012_existing_and_proposed,length,-1,-1;MAINT_TS "MAINT_TS" true true false 50 Text 0 0 ,First,#,trails_add,MAINT_TS,-1,-1,Bikeway_trails_2012_existing_and_proposed,Maint_TS,-1,-1;MAINT_PFR "MAINT_PFR" true true false 50 Text 0 0 ,First,#,trails_add,MAINT_PFR,-1,-1,Bikeway_trails_2012_existing_and_proposed,Maint_PFR,-1,-1"</Process><Process ToolSource="c:\program files\arcgis\desktop10.1\ArcToolbox\Toolboxes\Data Management Tools.tbx\Merge" Date="20130104" Time="122403" Name="" export="">Merge trails_more;'Current Bikeway Network2013' "C:\Documents and Settings\ssarper\Desktop\Trails GIS Maps\Bikeway\Bikeway_Network_2013_update.shp" "GEO_ID "GEO_ID" true true false 9 Long 0 9 ,First,#,trails_more,GEO_ID,-1,-1;LF_NAME "LF_NAME" true true false 50 Text 0 0 ,First,#,trails_more,LF_NAME,-1,-1,Current Bikeway Network2013,LF_NAME,-1,-1;OE_FLAG_L "OE_FLAG_L" true true false 8 Text 0 0 ,First,#,trails_more,OE_FLAG_L,-1,-1;OE_FLAG_R "OE_FLAG_R" true true false 8 Text 0 0 ,First,#,trails_more,OE_FLAG_R,-1,-1;FCODE_DESC "FCODE_DESC" true true false 40 Text 0 0 ,First,#,trails_more,FCODE_DESC,-1,-1;FCODE "FCODE" true true false 6 Long 0 6 ,First,#,trails_more,FCODE,-1,-1;FNODE "FNODE" true true false 9 Long 0 9 ,First,#,trails_more,FNODE,-1,-1;TNODE "TNODE" true true false 9 Long 0 9 ,First,#,trails_more,TNODE,-1,-1;JURIS_CODE "JURIS_CODE" true true false 8 Text 0 0 ,First,#,trails_more,JURIS_CODE,-1,-1,Current Bikeway Network2013,JURIS_CODE,-1,-1;length "length" true true false 19 Double 0 0 ,First,#,trails_more,length,-1,-1,Current Bikeway Network2013,LENGTH,-1,-1;MAINT_TS "MAINT_TS" true true false 50 Text 0 0 ,First,#,trails_more,MAINT_TS,-1,-1;MAINT_PFR "MAINT_PFR" true true false 50 Text 0 0 ,First,#,trails_more,MAINT_PFR,-1,-1;TYPE "TYPE" true true false 50 Text 0 0 ,First,#,trails_more,TYPE,-1,-1;STR_NAME "STR_NAME" true true false 50 Text 0 0 ,First,#,Current Bikeway Network2013,STR_NAME,-1,-1;ROOT_ID "ROOT_ID" true true false 10 Text 0 0 ,First,#,Current Bikeway Network2013,ROOT_ID,-1,-1;SEGMENT "SEGMENT" true true false 6 Text 0 0 ,First,#,Current Bikeway Network2013,SEGMENT,-1,-1;SEG_TYPE "SEG_TYPE" true true false 16 Text 0 0 ,First,#,Current Bikeway Network2013,SEG_TYPE,-1,-1;STATUS "STATUS" true true false 16 Text 0 0 ,First,#,Current Bikeway Network2013,STATUS,-1,-1;STATUS_SEG "STATUS_SEG" true true false 30 Text 0 0 ,First,#,Current Bikeway Network2013,STATUS_SEG,-1,-1;INSTALLATI "INSTALLATI" true true false 6 Long 0 6 ,First,#,Current Bikeway Network2013,INSTALLATI,-1,-1;RouteNum "RouteNum" true true false 4 Short 0 4 ,First,#,Current Bikeway Network2013,RouteNum,-1,-1;District "District" true true false 5 Text 0 0 ,First,#,Current Bikeway Network2013,District,-1,-1;Ward "Ward" true true false 4 Short 0 4 ,First,#,Current Bikeway Network2013,Ward,-1,-1;BNIS "BNIS" true true false 4 Short 0 4 ,First,#,Current Bikeway Network2013,BNIS,-1,-1"</Process></lineage><itemProps><itemName Sync="TRUE">Current Bikeway Network_Nov2008</itemName><imsContentType Sync="TRUE">002</imsContentType><nativeExtBox><westBL Sync="TRUE">293568.682739</westBL><eastBL Sync="TRUE">335526.519533</eastBL><southBL Sync="TRUE">4826680.680397</southBL><northBL Sync="TRUE">4857106.674706</northBL><exTypeCode Sync="TRUE">1</exTypeCode></nativeExtBox><itemSize Sync="TRUE">0.995</itemSize><itemLocation><linkage Sync="TRUE">file://\\J2XD0111841\C$\Open data\Historical Bike Trails\2008 Bikeways\Current Bikeway Network_Nov2008.shp</linkage><protocol Sync="TRUE">Local Area Network</protocol></itemLocation></itemProps><coordRef><type Sync="TRUE">Projected</type><geogcsn Sync="TRUE">GCS_North_American_1927</geogcsn><projcsn Sync="TRUE">Transverse Mercator</projcsn><peXml Sync="TRUE">&lt;ProjectedCoordinateSystem xsi:type='typens:ProjectedCoordinateSystem' xmlns:xsi='http://www.w3.org/2001/XMLSchema-instance' xmlns:xs='http://www.w3.org/2001/XMLSchema' xmlns:typens='http://www.esri.com/schemas/ArcGIS/10.1'&gt;&lt;WKT&gt;PROJCS[&amp;quot;Transverse Mercator&amp;quot;,GEOGCS[&amp;quot;GCS_North_American_1927&amp;quot;,DATUM[&amp;quot;D_North_American_1927&amp;quot;,SPHEROID[&amp;quot;Clarke_1866&amp;quot;,6378206.4,294.9786982]],PRIMEM[&amp;quot;Greenwich&amp;quot;,0.0],UNIT[&amp;quot;Degree&amp;quot;,0.0174532925199433]],PROJECTION[&amp;quot;Transverse_Mercator&amp;quot;],PARAMETER[&amp;quot;False_Easting&amp;quot;,304800.0],PARAMETER[&amp;quot;False_Northing&amp;quot;,0.0],PARAMETER[&amp;quot;Central_Meridian&amp;quot;,-79.5],PARAMETER[&amp;quot;Scale_Factor&amp;quot;,0.9999],PARAMETER[&amp;quot;Latitude_Of_Origin&amp;quot;,0.0],UNIT[&amp;quot;Meter&amp;quot;,1.0]]&lt;/WKT&gt;&lt;XOrigin&gt;-5317900&lt;/XOrigin&gt;&lt;YOrigin&gt;-10001000&lt;/YOrigin&gt;&lt;XYScale&gt;450314931.24392509&lt;/XYScale&gt;&lt;ZOrigin&gt;-100000&lt;/ZOrigin&gt;&lt;ZScale&gt;10000&lt;/ZScale&gt;&lt;MOrigin&gt;-100000&lt;/MOrigin&gt;&lt;MScale&gt;10000&lt;/MScale&gt;&lt;XYTolerance&gt;0.001&lt;/XYTolerance&gt;&lt;ZTolerance&gt;0.001&lt;/ZTolerance&gt;&lt;MTolerance&gt;0.001&lt;/MTolerance&gt;&lt;HighPrecision&gt;true&lt;/HighPrecision&gt;&lt;/ProjectedCoordinateSystem&gt;</peXml><csUnits Sync="TRUE">Linear Unit: Meter (1.000000)</csUnits></coordRef><copyHistory><copy source="D:\Open data temp2\from IGEVIEW\TCL3_CENTRELINE" dest="\\J2XD0060991\D$\Open data temp2\centreline\TCL3_CENTRELINE" date="20110310" time="09472100"/></copyHistory></DataProperties><ArcGISFormat>1.0</ArcGISFormat><ArcGISstyle>FGDC CSDGM Metadata</ArcGISstyle><scaleRange><minScale>150000000</minScale><maxScale>5000</maxScale></scaleRange><ArcGISProfile>FGDC</ArcGISProfile></Esri><idinfo><native Sync="TRUE">Microsoft Windows XP Version 5.1 (Build 2600) Service Pack 2; ESRI ArcCatalog 9.2.5.1450</native><descript><langdata Sync="TRUE">en</langdata><abstract>Dataset contains linear geographic features with tabular data of bikeway network.</abstract><purpose>Dataset contains historical bike network information for the City of Toronto.</purpose><supplinf>Geospatial Viewing Repository running Oracle 9 and SDE3 on a Sun with Solaris operating system.</supplinf></descript><citation><citeinfo><origin>Surveys and Mapping</origin><pubdate>2004</pubdate><title Sync="TRUE">CurrentBikewayNetwork_Jan2013</title><ftname Sync="TRUE">TCL3.CENTRELINE</ftname><geoform Sync="TRUE">vector digital data</geoform><onlink Sync="TRUE">Server=litview.corp.metrotor.on.ca; Service=5163; User=tcl3; Version=SDE.DEFAULT</onlink><pubinfo><publish>LIT</publish></pubinfo></citeinfo></citation><timeperd><current>2004</current><timeinfo><sngdate><caldate>1990</caldate></sngdate></timeinfo></timeperd><status><progress>Complete</progress><update>Continually</update></status><spdom><bounding><westbc Sync="TRUE">-79.671728</westbc><eastbc Sync="TRUE">-79.086861</eastbc><northbc Sync="TRUE">43.881918</northbc><southbc Sync="TRUE">43.557131</southbc></bounding><lboundng><leftbc Sync="TRUE">291000.000000</leftbc><rightbc Sync="TRUE">338000.000000</rightbc><bottombc Sync="TRUE">4824000.000000</bottombc><topbc Sync="TRUE">4860000.000000</topbc></lboundng></spdom><keywords><theme><themekt>REQUIRED: Reference to a formally registered thesaurus or a similar authoritative source of theme keywords.</themekt><themekey>Road, river, highway, railway, address, postal code, police, concession, city, ward, electoral, riding, enumeration, forestry, waste, polling, park, housing, population, line,transportation</themekey><placekey>Toronto</placekey></theme><place><placekey>Toronto</placekey></place></keywords><accconst>None.</accconst><useconst>Source must be credited. Cannot be re-sold</useconst><natvform Sync="TRUE">SDE Feature Class</natvform><mapurl>CENTRELINE</mapurl></idinfo><dataIdInfo><envirDesc Sync="TRUE">Microsoft Windows 7 Version 6.1 (Build 7601) Service Pack 1; Esri ArcGIS 10.2.0.3348</envirDesc><dataLang><languageCode Sync="TRUE" value="eng" country="US"/><countryCode value="CAN" Sync="TRUE"/></dataLang><idCitation xmlns=""><resTitle Sync="TRUE">Current Bikeway Network_Nov2008</resTitle><presForm xmlns=""><PresFormCd Sync="TRUE" value="005"/></presForm><citRespParty xmlns=""><rpIndName>Open Data Team</rpIndName><rpOrgName>City of Toronto</rpOrgName><role><RoleCd value="005"/></role><rpCntInfo xmlns=""><cntAddress addressType=""><eMailAdd>opendata@toronto.ca</eMailAdd></cntAddress></rpCntInfo></citRespParty></idCitation><spatRpType><SpatRepTypCd Sync="TRUE" value="001"/></spatRpType><dataExt><geoEle xmlns=""><GeoBndBox esriExtentType="search"><westBL Sync="TRUE">-79.639703</westBL><eastBL Sync="TRUE">-79.117807</eastBL><northBL Sync="TRUE">43.855875</northBL><southBL Sync="TRUE">43.581367</southBL><exTypeCode Sync="TRUE">1</exTypeCode></GeoBndBox></geoEle></dataExt><geoBox esriExtentType="decdegrees"><westBL Sync="TRUE">-79.671728</westBL><eastBL Sync="TRUE">-79.086861</eastBL><northBL Sync="TRUE">43.881918</northBL><southBL Sync="TRUE">43.557131</southBL><exTypeCode Sync="TRUE">1</exTypeCode></geoBox><descKeys><thesaName uuidref="723f6998-058e-11dc-8314-0800200c9a66"/><keyword Sync="TRUE">002</keyword></descKeys><idPurp>Dataset contains historical bike network information for the City of Toronto.</idPurp><idAbs>&lt;DIV STYLE="text-align:Left;"&gt;&lt;DIV&gt;&lt;DIV&gt;&lt;P&gt;&lt;SPAN&gt;Dataset contains linear geographic features with tabular data of bikeway network.&lt;/SPAN&gt;&lt;/P&gt;&lt;/DIV&gt;&lt;/DIV&gt;&lt;/DIV&gt;</idAbs><searchKeys><keyword>Bike Network</keyword><keyword>Bikeway</keyword><keyword>recreation</keyword></searchKeys><resConst><Consts><useLimit>&lt;DIV STYLE="text-align:Left;"&gt;&lt;DIV&gt;&lt;DIV&gt;&lt;P&gt;&lt;SPAN&gt;Source must be credited. Cannot be re-sold&lt;/SPAN&gt;&lt;/P&gt;&lt;/DIV&gt;&lt;/DIV&gt;&lt;/DIV&gt;</useLimit></Consts></resConst><dataChar><CharSetCd value="004"></CharSetCd></dataChar><idStatus><ProgCd value="002"></ProgCd></idStatus><resMaint xmlns=""><maintFreq><MaintFreqCd value="011"></MaintFreqCd></maintFreq></resMaint></dataIdInfo><metainfo><langmeta Sync="TRUE">en</langmeta><metstdn Sync="TRUE">FGDC Content Standards for Digital Geospatial Metadata</metstdn><metstdv Sync="TRUE">FGDC-STD-001-1998</metstdv><mettc Sync="TRUE">local time</mettc><metc><cntinfo><cntorgp><cntper>Rob Rishchynski</cntper><cntorg>Land Information Toronto</cntorg><cntpos>Manager, Data Management</cntpos></cntorgp><cntaddr><addrtype>mailing address</addrtype><city>Toronto</city><state>Ontario</state><postal>M3C 3N3</postal><address>703 Don Mills</address><country>Canada</country></cntaddr><cntvoice>416-397-9027</cntvoice><cntemail>rrishchy@toronto.ca</cntemail><cntfax>416-392-3984</cntfax></cntinfo></metc><metd Sync="TRUE">20100128</metd><Owner>TCL3</Owner><ID>658</ID></metainfo><mdLang><languageCode Sync="TRUE" value="eng"/><countryCode value="CAN" Sync="TRUE"/></mdLang><mdStanName Sync="TRUE">ISO 19115 Geographic Information - Metadata</mdStanName><mdStanVer Sync="TRUE">DIS_ESRI1.0</mdStanVer><mdChar><CharSetCd Sync="TRUE" value="004"/></mdChar><mdHrLv><ScopeCd Sync="TRUE" value="005"/></mdHrLv><mdHrLvName Sync="TRUE">dataset</mdHrLvName><distinfo><resdesc Sync="TRUE">liveData</resdesc><cntinfo><cntorgp><cntorg>LIT</cntorg><cntper>Andy McGhie</cntper><cntpos>Manager, Products and Support</cntpos></cntorgp><cntaddr><addrtype>mailing address</addrtype><address>703 Don Mills Road</address><city>Toronto</city><state>ON</state><postal>M3C 3N3</postal><country>Canada</country></cntaddr><cntvoice>416-392-3988</cntvoice><cntfax>416-392-3984</cntfax><cntemail>amcghie@toronto.ca</cntemail></cntinfo><stdorder><nondig>Paper plots or reports</nondig><digform><formname>DGN, Arc/Info Export, Oracle Export</formname><transize>Various</transize><digtopt><onlinopt><accinstr>1. From City desktop client: generic software such as ArcView, MapObjects, Arc/Info  2. From City Desktop Client: customized software  3. From City Desktop client: intranet</accinstr></onlinopt><offoptn><reccap><recfmt>DGN, Arc?info Export, Oracle Export, Text</recfmt></reccap></offoptn></digtopt></digform><ordering>Customized and standard exports are available. They may be on various media and in various formats.</ordering><fees>N/A</fees><turnarnd>N/A</turnarnd></stdorder></distinfo><distInfo xmlns=""><distributor xmlns=""><distorTran><onLineSrc><orDesc Sync="TRUE">002</orDesc><linkage Sync="TRUE">Server=litview.corp.metrotor.on.ca; Service=5163; User=tcl3; Version=SDE.DEFAULT</linkage><protocol Sync="TRUE">ArcSDE Connection</protocol></onLineSrc></distorTran><distorFormat><formatName Sync="TRUE">SDE Feature Class</formatName></distorFormat></distributor><distFormat xmlns=""><formatName Sync="TRUE">Shapefile</formatName></distFormat><distTranOps xmlns=""><transSize Sync="TRUE">0.995</transSize></distTranOps></distInfo><spdoinfo><direct Sync="TRUE">Vector</direct><ptvctinf><esriterm Name="Current Bikeway Network_Nov2008"><efeatyp Sync="TRUE">Simple</efeatyp><efeageom code="3" Sync="TRUE"></efeageom><esritopo Sync="TRUE">FALSE</esritopo><efeacnt Sync="TRUE">6880</efeacnt><spindex Sync="TRUE">FALSE</spindex><linrefer Sync="TRUE">FALSE</linrefer></esriterm></ptvctinf></spdoinfo><spref><horizsys><cordsysn><geogcsn Sync="TRUE">GCS_North_American_1927</geogcsn><projcsn Sync="TRUE">MTM_3Degree</projcsn></cordsysn><planar><planci><plance Sync="TRUE">coordinate pair</plance><plandu Sync="TRUE">meters</plandu><coordrep><absres Sync="TRUE">0.001000</absres><ordres Sync="TRUE">0.001000</ordres></coordrep></planci></planar><geodetic><horizdn Sync="TRUE">North American Datum of 1927</horizdn><ellips Sync="TRUE">Clarke 1866</ellips><semiaxis Sync="TRUE">6378206.400000</semiaxis><denflat Sync="TRUE">294.978698</denflat></geodetic></horizsys><vertdef><altsys><altenc Sync="TRUE">Explicit elevation coordinate included with horizontal coordinates</altenc><altres Sync="TRUE">1.000000</altres></altsys></vertdef></spref><refSysInfo><RefSystem><refSysID><identCode Sync="TRUE" code="0" value="0">MTM_3Degree</identCode></refSysID></RefSystem></refSysInfo><spatRepInfo><VectSpatRep><geometObjs Name="Current Bikeway Network_Nov2008"><geoObjTyp><GeoObjTypCd value="002" Sync="TRUE"></GeoObjTypCd></geoObjTyp><geoObjCnt Sync="TRUE">6880</geoObjCnt></geometObjs><topLvl><TopoLevCd value="001" Sync="TRUE"></TopoLevCd></topLvl></VectSpatRep></spatRepInfo><eainfo><detailed Name="Current Bikeway Network_Nov2008" xmlns=""><enttyp><enttypl Sync="TRUE">Current Bikeway Network_Nov2008</enttypl><enttypt Sync="TRUE">Feature Class</enttypt><enttypc Sync="TRUE">6880</enttypc></enttyp><attr xmlns=""><attrlabl Sync="TRUE">FID</attrlabl><attalias Sync="TRUE">FID</attalias><attrtype Sync="TRUE">OID</attrtype><attwidth Sync="TRUE">4</attwidth><atprecis Sync="TRUE">0</atprecis><attscale Sync="TRUE">0</attscale><attrdef Sync="TRUE">Internal feature number.</attrdef><attrdefs Sync="TRUE">ESRI</attrdefs><attrdomv><udom Sync="TRUE">Sequential unique whole numbers that are automatically generated.</udom></attrdomv></attr><attr xmlns=""><attrlabl Sync="TRUE">LF_NAME</attrlabl><attalias Sync="TRUE">LF_NAME</attalias><attrtype Sync="TRUE">String</attrtype><attwidth Sync="TRUE">50</attwidth><atprecis Sync="TRUE">0</atprecis><attscale Sync="TRUE">0</attscale></attr><attr xmlns=""><attrlabl Sync="TRUE">JURIS_CODE</attrlabl><attalias Sync="TRUE">JURIS_CODE</attalias><attrtype Sync="TRUE">String</attrtype><attwidth Sync="TRUE">8</attwidth><atprecis Sync="TRUE">0</atprecis><attscale Sync="TRUE">0</attscale></attr><attr xmlns=""><attrlabl Sync="TRUE">SHAPE</attrlabl><attalias Sync="TRUE">Shape</attalias><attrtype Sync="TRUE">Geometry</attrtype><attwidth Sync="TRUE">0</attwidth><atprecis Sync="TRUE">0</atprecis><attscale Sync="TRUE">0</attscale><attrdef Sync="TRUE">Feature geometry.</attrdef><attrdefs Sync="TRUE">ESRI</attrdefs><attrdomv><udom Sync="TRUE">Coordinates defining the features.</udom></attrdomv></attr><attr xmlns=""><attrlabl Sync="TRUE">length</attrlabl><attalias Sync="TRUE">LENGTH</attalias><attrtype Sync="TRUE">Double</attrtype><attwidth Sync="TRUE">19</attwidth><atprecis Sync="TRUE">18</atprecis><attscale Sync="TRUE">5</attscale></attr><attr xmlns=""><attrlabl Sync="TRUE">STR_NAME</attrlabl><attalias Sync="TRUE">STR_NAME</attalias><attrtype Sync="TRUE">String</attrtype><attwidth Sync="TRUE">50</attwidth><atprecis Sync="TRUE">0</atprecis><attscale Sync="TRUE">0</attscale></attr><attr xmlns=""><attrlabl Sync="TRUE">ROOT_ID</attrlabl><attalias Sync="TRUE">ROOT_ID</attalias><attrtype Sync="TRUE">String</attrtype><attwidth Sync="TRUE">10</attwidth><atprecis Sync="TRUE">0</atprecis><attscale Sync="TRUE">0</attscale></attr><attr xmlns=""><attrlabl Sync="TRUE">SEGMENT</attrlabl><attalias Sync="TRUE">SEGMENT</attalias><attrtype Sync="TRUE">String</attrtype><attwidth Sync="TRUE">6</attwidth><atprecis Sync="TRUE">0</atprecis><attscale Sync="TRUE">0</attscale></attr><attr xmlns=""><attrlabl Sync="TRUE">SEG_TYPE</attrlabl><attalias Sync="TRUE">SEG_TYPE</attalias><attrtype Sync="TRUE">String</attrtype><attwidth Sync="TRUE">16</attwidth><atprecis Sync="TRUE">0</atprecis><attscale Sync="TRUE">0</attscale></attr><attr xmlns=""><attrlabl Sync="TRUE">STATUS</attrlabl><attalias Sync="TRUE">STATUS</attalias><attrtype Sync="TRUE">String</attrtype><attwidth Sync="TRUE">16</attwidth><atprecis Sync="TRUE">0</atprecis><attscale Sync="TRUE">0</attscale></attr><attr xmlns=""><attrlabl Sync="TRUE">STATUS_SEG</attrlabl><attalias Sync="TRUE">STATUS_SEG</attalias><attrtype Sync="TRUE">String</attrtype><attwidth Sync="TRUE">30</attwidth><atprecis Sync="TRUE">0</atprecis><attscale Sync="TRUE">0</attscale></attr><attr xmlns=""><attrlabl Sync="TRUE">INSTALLATI</attrlabl><attalias Sync="TRUE">INSTALLATI</attalias><attrtype Sync="TRUE">Integer</attrtype><attwidth Sync="TRUE">6</attwidth><atprecis Sync="TRUE">6</atprecis><attscale Sync="TRUE">0</attscale></attr><attr xmlns=""><attrlabl Sync="TRUE">RouteNum</attrlabl><attalias Sync="TRUE">RouteNum</attalias><attrtype Sync="TRUE">SmallInteger</attrtype><attwidth Sync="TRUE">4</attwidth><atprecis Sync="TRUE">4</atprecis><attscale Sync="TRUE">0</attscale></attr><attr xmlns=""><attrlabl Sync="TRUE">District</attrlabl><attalias Sync="TRUE">District</attalias><attrtype Sync="TRUE">String</attrtype><attwidth Sync="TRUE">5</attwidth><atprecis Sync="TRUE">0</atprecis><attscale Sync="TRUE">0</attscale></attr><attr xmlns=""><attrlabl Sync="TRUE">Ward</attrlabl><attalias Sync="TRUE">Ward</attalias><attrtype Sync="TRUE">SmallInteger</attrtype><attwidth Sync="TRUE">4</attwidth><atprecis Sync="TRUE">4</atprecis><attscale Sync="TRUE">0</attscale></attr><attr xmlns=""><attrlabl Sync="TRUE">BNIS</attrlabl><attalias Sync="TRUE">BNIS</attalias><attrtype Sync="TRUE">SmallInteger</attrtype><attwidth Sync="TRUE">4</attwidth><atprecis Sync="TRUE">4</atprecis><attscale Sync="TRUE">0</attscale></attr><attr><attrlabl Sync="TRUE">HC_prjcts</attrlabl><attalias Sync="TRUE">HC_prjcts</attalias><attrtype Sync="TRUE">SmallInteger</attrtype><attwidth Sync="TRUE">4</attwidth><atprecis Sync="TRUE">4</atprecis><attscale Sync="TRUE">0</attscale></attr></detailed></eainfo><mdDateSt Sync="TRUE">20150130</mdDateSt><dataqual><posacc><horizpa><qhorizpa><horizpav>Linear features are within 2.5 m of the centreline of construction. Other features are relative to the linear features.</horizpav></qhorizpa></horizpa></posacc><lineage><srcinfo><srccite><citeinfo><pubdate>2004</pubdate><geoform>Digital Vector data</geoform></citeinfo></srccite><srcscale>N/A</srcscale><typesrc>1. City Approval process 2. Service Lists 3. User Feedback 4. Field Checks 5. Departmental requirement for revised area boundaries</typesrc><srctime><timeinfo><sngdate><caldate>N/A</caldate></sngdate></timeinfo></srctime><srccontr>1. As the city approves address and street name information it is forwarded to the Maintenance group 2. Water billing lists, Bell Canada service lists are validated against addresses to ensure completeness 3. Feedback from users is fully investigated 4. In disputed cases field checks are conducted. 5. Administrative boundaries are changed on an as-need basis at the instigation of the custodian</srccontr></srcinfo></lineage></dataqual><mdMaint xmlns=""><maintFreq><MaintFreqCd value="011"></MaintFreqCd></maintFreq></mdMaint></metadata>
