<?xml version="1.0"?>
<metadata xml:lang="en"><Esri><CreaDate>20140724</CreaDate><CreaTime>11074040</CreaTime><ArcGISFormat>1.0</ArcGISFormat><SyncOnce>FALSE</SyncOnce><ModDate>20170818</ModDate><ModTime>09292200</ModTime><DataProperties><coordRef><csUnits>Decimal Degree</csUnits><geogcsn>WGS 84</geogcsn><peXml><wktVar>&lt;ProjectedCoordinateSystem&gt;&lt;WKT&gt;GEOGCS["WGS 84",DATUM["World Geodetic System 1984 [EPSG ID 6326]",SPHEROID["WGS 84 [EPSG ID 7030]",6378137.0,298.257223563]],PRIMEM["Greenwich",0.0],UNIT["Decimal Degree",0.01745329251994328]]&lt;/WKT&gt;&lt;XOrigin&gt;-85&lt;/XOrigin&gt;&lt;YOrigin&gt;40&lt;/YOrigin&gt;&lt;XYScale&gt;100000000&lt;/XYScale&gt;&lt;ZOrigin&gt;0&lt;/ZOrigin&gt;&lt;ZScale&gt;1&lt;/ZScale&gt;&lt;MOrigin&gt;0&lt;/MOrigin&gt;&lt;MScale&gt;1&lt;/MScale&gt;&lt;XYTolerance&gt;.00000002&lt;/XYTolerance&gt;&lt;ZTolerance&gt;0&lt;/ZTolerance&gt;&lt;MTolerance&gt;0&lt;/MTolerance&gt;&lt;HighPrecision&gt;&lt;/HighPrecision&gt;&lt;/ProjectedCoordinateSystem&gt;&lt;/peXml&gt;</wktVar></peXml><type Sync="TRUE">Geographic</type></coordRef><itemProps><itemName Sync="TRUE">HERITAGE_DISTRICT_WGS84</itemName><imsContentType Sync="TRUE">002</imsContentType><nativeExtBox><westBL Sync="TRUE">-79.526215</westBL><eastBL Sync="TRUE">-79.282648</eastBL><southBL Sync="TRUE">43.636255</southBL><northBL Sync="TRUE">43.719493</northBL><exTypeCode Sync="TRUE">1</exTypeCode></nativeExtBox><itemSize Sync="TRUE">0.063</itemSize><itemLocation><linkage Sync="TRUE">file://\\J2XD0111841\C$\Open data\CP_Heritage Districts\HERITAGE_DISTRICT_WGS84.shp</linkage><protocol Sync="TRUE">Local Area Network</protocol></itemLocation></itemProps></DataProperties><SyncDate>20170818</SyncDate><SyncTime>09292200</SyncTime></Esri><idinfo><citation><citeinfo><title>Heritage Districts</title><origin>none</origin><pubdate>07-24-2014</pubdate></citeinfo></citation><status><progress>Complete</progress><update>As needed</update></status></idinfo><dataIdInfo><themeKeys><keyword>Hetitage</keyword><keyword>Historical</keyword><keyword>Designated</keyword><keyword>Buldings</keyword><keyword>Conservation</keyword><keyword>Districts</keyword></themeKeys><idPurp>Heritage Conservation Districts (HCD) in City of Toronto. This is a GIS polygon file.</idPurp><idAbs>The HCDs in the City of Toronto are protected by a municipal by-law passed under Part V of the Ontario Heritage Act (OHA), by City Council. Heritage Conservation Districts ensure that the significance and character of areas with cultural heritage value are protected and conserved in the long term by managing change to the resources within it.The data only identifies designated HCDs, and does not include HCDs that are nominated, have been approved for study or for which studies are under way.Original data digitized from paper maps and City Council decision documents.URL ? Web site address for more information:   Heritage Preservation Services Website ? http://www1.toronto.ca/wps/portal/contentonly?vgnextoid=104752cc66061410VgnVCM10000071d60f89RCRD</idAbs><idCitation><resTitle>CITYGCS.HERITAGE_DISTRICT</resTitle><presForm><PresFormCd value="005" Sync="TRUE"></PresFormCd></presForm></idCitation><resConst><Consts><useLimit>Source must be credited. Cannot be re-sold</useLimit></Consts></resConst><dataExt><geoEle><GeoBndBox><westBL>-82</westBL><eastBL>-77.8</eastBL><northBL>45.2</northBL><southBL>42</southBL></GeoBndBox></geoEle></dataExt><idPoC><rpIndName>Open Data Team</rpIndName><rpOrgName>City of Toronto</rpOrgName><rpCntInfo><cntAddress><eMailAdd>opendata@toronto.ca</eMailAdd></cntAddress></rpCntInfo><role><RoleCd value="005"></RoleCd></role></idPoC><envirDesc Sync="TRUE">Microsoft Windows 7 Version 6.1 (Build 7601) Service Pack 1; Esri ArcGIS 10.3.0.4322</envirDesc><dataLang><languageCode value="eng" Sync="TRUE"></languageCode><countryCode value="CAN" Sync="TRUE"></countryCode></dataLang><spatRpType><SpatRepTypCd value="001" Sync="TRUE"></SpatRepTypCd></spatRpType><dataExt><geoEle><GeoBndBox esriExtentType="search"><exTypeCode Sync="TRUE">1</exTypeCode><westBL Sync="TRUE">-79.526215</westBL><eastBL Sync="TRUE">-79.282648</eastBL><northBL Sync="TRUE">43.719493</northBL><southBL Sync="TRUE">43.636255</southBL></GeoBndBox></geoEle></dataExt></dataIdInfo><metainfo><D>99</D><langmeta>en</langmeta><mdDateSt><CreaDate>20140724 11074040</CreaDate></mdDateSt></metainfo><distinfo></distinfo><spdoinfo><ptvctinf><esriterm Name="HERITAGE_DISTRICT_WGS84"><efeatyp Sync="TRUE">Simple</efeatyp><efeageom code="4" Sync="TRUE"></efeageom><esritopo Sync="TRUE">FALSE</esritopo><efeacnt Sync="TRUE">27</efeacnt><spindex Sync="TRUE">FALSE</spindex><linrefer Sync="TRUE">FALSE</linrefer></esriterm></ptvctinf></spdoinfo><mdContact><rpOrgName>Geospatial Competency Centre</rpOrgName><rpIndName>.</rpIndName><rpCntInfo><cntAddress><city>Toronto</city><delPoint>18 Dyas Rd,  3rd Floor</delPoint><eMailAdd>gcc@toronto.ca</eMailAdd><postCode>M3B 1V5</postCode><adminArea>ON</adminArea></cntAddress><cntPhone><voiceNum>416-392-2506</voiceNum><faxNum>416-397-4900</faxNum></cntPhone></rpCntInfo><rpPosName>.</rpPosName></mdContact><eainfo><detailed Name="HERITAGE_DISTRICT_WGS84"><enttyp><enttypt>Feature Class</enttypt><enttypl>CITYGCS.HERITAGE_DISTRICT</enttypl><enttypc>51</enttypc></enttyp><attr><attrlabl>HRD_FORNUM</attrlabl><attalias>HRD_FORNUM</attalias><attrtype>VARCHAR2</attrtype><attwidth>50</attwidth><attrdef>Former Municipality</attrdef><atprecis Sync="TRUE">0</atprecis><attscale Sync="TRUE">0</attscale></attr><attr><attrlabl>HRD_BYLAWN</attrlabl><attalias>HRD_BYLAWN</attalias><attrtype>VARCHAR2</attrtype><attwidth>50</attwidth><attrdef>Designated ByLaw Number</attrdef><atprecis Sync="TRUE">0</atprecis><attscale Sync="TRUE">0</attscale></attr><attr><attrlabl>HRD_WARDNU</attrlabl><attalias>HRD_WARDNU</attalias><attrtype>VARCHAR2</attrtype><attwidth>50</attwidth><attrdef>Ward Number</attrdef><atprecis Sync="TRUE">0</atprecis><attscale Sync="TRUE">0</attscale></attr><attr><attrlabl>SHAPE_LNG</attrlabl><attalias>SHAPE_LNG</attalias><attrtype>NUMBER</attrtype><attwidth>22</attwidth><atprecis Sync="TRUE">0</atprecis><attscale Sync="TRUE">0</attscale></attr><attr><attrlabl>SHAPE_AREA</attrlabl><attalias>SHAPE_AREA</attalias><attrtype>NUMBER</attrtype><attwidth>22</attwidth><atprecis Sync="TRUE">0</atprecis><attscale Sync="TRUE">0</attscale><attrdef Sync="TRUE">Area of feature in internal units squared.</attrdef><attrdefs Sync="TRUE">Esri</attrdefs><attrdomv><udom Sync="TRUE">Positive real numbers that are automatically generated.</udom></attrdomv></attr><attr><attrlabl>X</attrlabl><attalias>X</attalias><attrtype>NUMBER</attrtype><attwidth>22</attwidth><attrdef>Easting in MTM NAD27 3 degree Projection</attrdef><atprecis Sync="TRUE">10</atprecis><attscale Sync="TRUE">4</attscale></attr><attr><attrlabl>Y</attrlabl><attalias>Y</attalias><attrtype>NUMBER</attrtype><attwidth>22</attwidth><attrdef>Northing in MTM NAD27 3 degree Projection</attrdef><atprecis Sync="TRUE">10</atprecis><attscale Sync="TRUE">4</attscale></attr><attr><attrlabl>LONGITUDE</attrlabl><attalias>LONGITUDE</attalias><attrtype>NUMBER</attrtype><attwidth>22</attwidth><attrdef>Longitude in WGS84 Coordinate System</attrdef><atprecis Sync="TRUE">13</atprecis><attscale Sync="TRUE">11</attscale></attr><attr><attrlabl>LATITUDE</attrlabl><attalias>LATITUDE</attalias><attrtype>NUMBER</attrtype><attwidth>22</attwidth><attrdef>Latitude in WGS84 Coordinate System</attrdef><atprecis Sync="TRUE">13</atprecis><attscale Sync="TRUE">11</attscale></attr><attr><attrlabl>FID</attrlabl><attalias>FID</attalias><attrtype>NUMBER</attrtype><attwidth>22</attwidth><attrdef>Unique system identifier</attrdef><atprecis Sync="TRUE">0</atprecis><attscale Sync="TRUE">0</attscale><attrdefs Sync="TRUE">Esri</attrdefs><attrdomv><udom Sync="TRUE">Sequential unique whole numbers that are automatically generated.</udom></attrdomv></attr><attr><attrlabl>SHAPE</attrlabl><attalias>SHAPE</attalias><attrtype>SDO_GEOMETRY</attrtype><attwidth>64</attwidth><atprecis Sync="TRUE">0</atprecis><attscale Sync="TRUE">0</attscale><attrdef Sync="TRUE">Feature geometry.</attrdef><attrdefs Sync="TRUE">Esri</attrdefs><attrdomv><udom Sync="TRUE">Coordinates defining the features.</udom></attrdomv></attr><attr><attrlabl>HRD_NAME</attrlabl><attalias>HRD_NAME</attalias><attrtype>VARCHAR2</attrtype><attwidth>50</attwidth><attrdef>Name of the Heritage District</attrdef><atprecis Sync="TRUE">0</atprecis><attscale Sync="TRUE">0</attscale></attr><attr><attrlabl>HRD_TYPE</attrlabl><attalias>HRD_TYPE</attalias><attrtype>VARCHAR2</attrtype><attwidth>50</attwidth><attrdef>Type of Designation</attrdef><atprecis Sync="TRUE">0</atprecis><attscale Sync="TRUE">0</attscale></attr><attr><attrlabl>HRD_DESAT</attrlabl><attalias>HRD_DESAT</attalias><attrtype>DATE</attrtype><attwidth>7</attwidth><attrdef>Designated Date</attrdef><atprecis Sync="TRUE">0</atprecis><attscale Sync="TRUE">0</attscale></attr><attr><attrlabl Sync="TRUE">FID_1</attrlabl><attalias Sync="TRUE">FID_1</attalias><attrtype Sync="TRUE">Integer</attrtype><attwidth Sync="TRUE">10</attwidth><atprecis Sync="TRUE">10</atprecis><attscale Sync="TRUE">0</attscale></attr></detailed></eainfo><spatRepInfo><VectSpatRep><geometObjs Name="HERITAGE_DISTRICT_WGS84"><geoObjTyp><GeoObjTypCd value="002" Sync="TRUE"></GeoObjTypCd></geoObjTyp><geoObjCnt Sync="TRUE">27</geoObjCnt></geometObjs><topLvl><TopoLevCd value="001" Sync="TRUE"></TopoLevCd></topLvl></VectSpatRep></spatRepInfo><mdLang><languageCode value="eng" Sync="TRUE"></languageCode><countryCode value="CAN" Sync="TRUE"></countryCode></mdLang><distInfo><distFormat><formatName Sync="TRUE">Shapefile</formatName></distFormat><distTranOps><transSize Sync="TRUE">0.063</transSize></distTranOps></distInfo><mdHrLv><ScopeCd value="005" Sync="TRUE"></ScopeCd></mdHrLv><mdHrLvName Sync="TRUE">dataset</mdHrLvName><refSysInfo><RefSystem><refSysID><identCode code="0" Sync="TRUE"></identCode></refSysID></RefSystem></refSysInfo><mdDateSt Sync="TRUE">20170818</mdDateSt></metadata>
