<?xml version='1.0'?><metadata xml:lang='en'><Esri><CreaDate>20121128</CreaDate><CreaTime>09211700</CreaTime><ArcGISFormat>1.0</ArcGISFormat><SyncOnce>TRUE</SyncOnce><DataProperties><coordRef><csUnits>Decimal Degree</csUnits><geogcsn>WGS 84</geogcsn><peXml><wktVar>&lt;ProjectedCoordinateSystem&gt;&lt;WKT&gt;GEOGCS[&quot;WGS 84&quot;,DATUM[&quot;World Geodetic System 1984 [EPSG ID 6326]&quot;,SPHEROID[&quot;WGS 84 [EPSG ID 7030]&quot;,6378137.0,298.257223563]],PRIMEM[&quot;Greenwich&quot;,0.0],UNIT[&quot;Decimal Degree&quot;,0.01745329251994328]]&lt;/WKT&gt;&lt;XOrigin&gt;-85&lt;/XOrigin&gt;&lt;YOrigin&gt;40&lt;/YOrigin&gt;&lt;XYScale&gt;100000000&lt;/XYScale&gt;&lt;ZOrigin&gt;0&lt;/ZOrigin&gt;&lt;ZScale&gt;1&lt;/ZScale&gt;&lt;MOrigin&gt;0&lt;/MOrigin&gt;&lt;MScale&gt;1&lt;/MScale&gt;&lt;XYTolerance&gt;.00000002&lt;/XYTolerance&gt;&lt;ZTolerance&gt;0&lt;/ZTolerance&gt;&lt;MTolerance&gt;0&lt;/MTolerance&gt;&lt;HighPrecision&gt;&lt;/HighPrecision&gt;&lt;/ProjectedCoordinateSystem&gt;&lt;/peXml&gt;</wktVar></peXml></coordRef></DataProperties></Esri><idinfo><citation><citeinfo><title>none</title><origin>none</origin></citeinfo></citation></idinfo><dataIdInfo><themeKeys><keyword>emap</keyword><keyword>imapit2</keyword></themeKeys><idPurp>Points layer for generic and quick mapping applications.</idPurp><idAbs>Dataset contains point features.</idAbs><idCitation><resTitle>CITYGCS.MYMAP_POINT</resTitle></idCitation><resConst><Consts><useLimit>Source must be credited. Cannot be re-sold</useLimit></Consts></resConst><dataExt><geoEle><GeoBndBox><westBL>-82</westBL><eastBL>-77.8</eastBL><northBL>45.2</northBL><southBL>42</southBL></GeoBndBox></geoEle></dataExt></dataIdInfo><metainfo><D>99</D><langmeta>en</langmeta></metainfo><distinfo></distinfo><spdoinfo><ptvctinf><esriterm><efeatyp>Feature Class</efeatyp><efeageom>Point</efeageom></esriterm></ptvctinf></spdoinfo><mdContact><rpOrgName>Geospatial Competency Centre</rpOrgName><rpIndName>.</rpIndName><rpCntInfo><cntAddress><city>Toronto</city><delPoint>18 Dyas Rd,  3rd Floor</delPoint><eMailAdd>gcc@toronto.ca</eMailAdd><postCode>M3B 1V5</postCode><adminArea>ON</adminArea></cntAddress><cntPhone><voiceNum>416-392-2506</voiceNum><faxNum>416-397-4900</faxNum></cntPhone></rpCntInfo><rpPosName>.</rpPosName></mdContact><eainfo><detailed><enttyp><enttypt>Feature Class</enttypt><enttypl>CITYGCS.MYMAP_POINT</enttypl><enttypc>2075</enttypc></enttyp><attr><attrlabl>PNT_OF_INT</attrlabl><attalias>PNT_OF_INT</attalias><attrtype>VARCHAR2</attrtype><attwidth>500</attwidth><attrdef>Map Mouse Over Popup Info</attrdef></attr><attr><attrlabl>DESCRPTION</attrlabl><attalias>DESCRPTION</attalias><attrtype>VARCHAR2</attrtype><attwidth>1000</attwidth><attrdef>Optional Info 1</attrdef></attr><attr><attrlabl>SOCIAL_MED</attrlabl><attalias>SOCIAL_MED</attalias><attrtype>VARCHAR2</attrtype><attwidth>1000</attwidth><attrdef>Optional Info 2</attrdef></attr><attr><attrlabl>WEBSITE</attrlabl><attalias>WEBSITE</attalias><attrtype>VARCHAR2</attrtype><attwidth>1000</attwidth><attrdef>Optional Info 3</attrdef></attr><attr><attrlabl>CATEGORY</attrlabl><attalias>CATEGORY</attalias><attrtype>VARCHAR2</attrtype><attwidth>1000</attwidth><attrdef>Optional Info 8</attrdef></attr><attr><attrlabl>LOCATION</attrlabl><attalias>LOCATION</attalias><attrtype>VARCHAR2</attrtype><attwidth>1000</attwidth><attrdef>User defined Location Info</attrdef></attr><attr><attrlabl>SHAPE</attrlabl><attalias>SHAPE</attalias><attrtype>SDO_GEOMETRY</attrtype><attwidth>64</attwidth><attrdef>Oracle Spatial Geometry in MTM Projection</attrdef></attr><attr><attrlabl>X</attrlabl><attalias>X</attalias><attrtype>NUMBER</attrtype><attwidth>22</attwidth><attrdef>X Co-ordinate in MTM Projection</attrdef></attr><attr><attrlabl>Y</attrlabl><attalias>Y</attalias><attrtype>NUMBER</attrtype><attwidth>22</attwidth><attrdef>Y Co-ordinate in MTM Projection</attrdef></attr><attr><attrlabl>LONGITUDE</attrlabl><attalias>LONGITUDE</attalias><attrtype>NUMBER</attrtype><attwidth>22</attwidth><attrdef>Logitude, in WGS84 Coordinate System</attrdef></attr><attr><attrlabl>LATITUDE</attrlabl><attalias>LATITUDE</attalias><attrtype>NUMBER</attrtype><attwidth>22</attwidth><attrdef>Y Co-ordinate in WGS84 Projection</attrdef></attr><attr><attrlabl>OBJECTID</attrlabl><attalias>OBJECTID</attalias><attrtype>NUMBER</attrtype><attwidth>22</attwidth><attrdef>Unique Objectid for SDE</attrdef></attr></detailed></eainfo><spatRepInfo><VectSpatRep><geometObjs><geoObjCnt>2075</geoObjCnt></geometObjs></VectSpatRep></spatRepInfo></metadata>